URL,URL Status Code,Hreflang,Href,Backref URL Status Code,Backref Information
https://iprice.au/coupons/weekly-exclusives/,200,No Hreflang Found,No Href Found,N/A,No Hreflang and Href Found
https://iprice.au/coupons/fashion/,200,No Hreflang Found,No Href Found,N/A,No Hreflang and Href Found
https://iprice.au/coupons/travel/,200,No Hreflang Found,No Href Found,N/A,No Hreflang and Href Found
https://iprice.au/coupons/beauty-and-health/,200,No Hreflang Found,No Href Found,N/A,No Hreflang and Href Found
https://iprice.au/coupons/electronics/,200,No Hreflang Found,No Href Found,N/A,No Hreflang and Href Found
https://iprice.au/coupons/food-delivery-e-hailing/,200,No Hreflang Found,No Href Found,N/A,No Hreflang and Href Found
https://iprice.au/coupons/adidas/,200,en-hk,https://iprice.hk/adidas/,200,Invalid Backref URL
https://iprice.au/coupons/adidas/,200,id-id,https://iprice.co.id/adidas/,200,Invalid Backref URL
https://iprice.au/coupons/adidas/,200,en-my,https://iprice.my/adidas/,200,Invalid Backref URL
https://iprice.au/coupons/adidas/,200,en-ph,https://iprice.ph/adidas/,200,Invalid Backref URL
https://iprice.au/coupons/adidas/,200,en-sg,https://iprice.sg/adidas/,200,Invalid Backref URL
https://iprice.au/coupons/adidas/,200,th-th,https://ipricethailand.com/adidas/,200,Invalid Backref URL
https://iprice.au/coupons/adidas/,200,en-au,https://iprice.au/adidas/,404,Invalid Backref URL Status Code
https://iprice.au/coupons/adore-beauty/,200,en-au,https://iprice.au/adore-beauty/,404,Invalid Backref URL Status Code
https://iprice.au/coupons/aliexpress/,200,en-my,https://iprice.my/aliexpress/,404,Invalid Backref URL Status Code
https://iprice.au/coupons/aliexpress/,200,en-sg,https://iprice.sg/aliexpress/,404,Invalid Backref URL Status Code
https://iprice.au/coupons/aliexpress/,200,en-au,https://iprice.au/aliexpress/,404,Invalid Backref URL Status Code
https://iprice.au/coupons/amazon/,200,en-hk,https://iprice.hk/amazon/,200,Invalid Backref URL
https://iprice.au/coupons/amazon/,200,en-ph,https://iprice.ph/amazon/,200,Invalid Backref URL
https://iprice.au/coupons/amazon/,200,en-sg,https://iprice.sg/amazon/,200,Invalid Backref URL
https://iprice.au/coupons/amazon/,200,en-au,https://iprice.au/amazon/,404,Invalid Backref URL Status Code
https://iprice.au/coupons/anaconda/,200,en-au,https://iprice.au/anaconda/,404,Invalid Backref URL Status Code
https://iprice.au/coupons/apple/,200,en-sg,https://iprice.sg/apple/,200,Invalid Backref URL
https://iprice.au/coupons/apple/,200,en-au,https://iprice.au/apple/,404,Invalid Backref URL Status Code
https://iprice.au/coupons/asos/,200,en-hk,https://iprice.hk/asos/,200,Invalid Backref URL
https://iprice.au/coupons/asos/,200,en-sg,https://iprice.sg/asos/,200,Invalid Backref URL
https://iprice.au/coupons/asos/,200,en-au,https://iprice.au/asos/,404,Invalid Backref URL Status Code
https://iprice.au/coupons/big-w/,200,en-au,https://iprice.au/big-w/,404,Invalid Backref URL Status Code
https://iprice.au/coupons/boohoo/,200,en-au,https://iprice.au/boohoo/,404,Invalid Backref URL Status Code
https://iprice.au/coupons/bookingcom/,200,en-hk,https://iprice.hk/bookingcom/,404,Invalid Backref URL Status Code
https://iprice.au/coupons/bookingcom/,200,id-id,https://iprice.co.id/bookingcom/,404,Invalid Backref URL Status Code
https://iprice.au/coupons/bookingcom/,200,en-my,https://iprice.my/bookingcom/,404,Invalid Backref URL Status Code
https://iprice.au/coupons/bookingcom/,200,en-ph,https://iprice.ph/bookingcom/,404,Invalid Backref URL Status Code
https://iprice.au/coupons/bookingcom/,200,en-sg,https://iprice.sg/bookingcom/,404,Invalid Backref URL Status Code
https://iprice.au/coupons/bookingcom/,200,th-th,https://ipricethailand.com/bookingcom/,404,Invalid Backref URL Status Code
https://iprice.au/coupons/bookingcom/,200,vi-vn,https://iprice.vn/bookingcom/,404,Invalid Backref URL Status Code
https://iprice.au/coupons/bookingcom/,200,en-au,https://iprice.au/bookingcom/,404,Invalid Backref URL Status Code
https://iprice.au/coupons/catch/,200,id-id,https://iprice.co.id/lazada/,200,Invalid Backref URL
https://iprice.au/coupons/catch/,200,en-my,https://iprice.my/lazada/,200,Invalid Backref URL
https://iprice.au/coupons/catch/,200,en-ph,https://iprice.ph/lazada/,200,Invalid Backref URL
https://iprice.au/coupons/catch/,200,en-sg,https://iprice.sg/lazada/,200,Invalid Backref URL
https://iprice.au/coupons/catch/,200,th-th,https://ipricethailand.com/lazada/,200,Invalid Backref URL
https://iprice.au/coupons/catch/,200,vi-vn,https://iprice.vn/lazada/,200,Invalid Backref URL
https://iprice.au/coupons/catch/,200,en-au,https://iprice.au/catch/,404,Invalid Backref URL Status Code
https://iprice.au/coupons/chemist-warehouse/,200,en-au,https://iprice.au/chemist-warehouse/,404,Invalid Backref URL Status Code
https://iprice.au/coupons/city-beach/,200,en-au,https://iprice.au/city-beach/,404,Invalid Backref URL Status Code
https://iprice.au/coupons/coles/,200,en-my,https://iprice.my/watsons-malaysia/,404,Invalid Backref URL Status Code
https://iprice.au/coupons/coles/,200,en-sg,https://iprice.sg/fairprice/,404,Invalid Backref URL Status Code
https://iprice.au/coupons/coles/,200,en-au,https://iprice.au/coles/,404,Invalid Backref URL Status Code
https://iprice.au/coupons/cotton-on/,200,en-hk,https://iprice.hk/zalora/,200,Invalid Backref URL
https://iprice.au/coupons/cotton-on/,200,id-id,https://iprice.co.id/zalora/,200,Invalid Backref URL
https://iprice.au/coupons/cotton-on/,200,en-my,https://iprice.my/zalora/,200,Invalid Backref URL
https://iprice.au/coupons/cotton-on/,200,en-ph,https://iprice.ph/zalora/,200,Invalid Backref URL
https://iprice.au/coupons/cotton-on/,200,en-sg,https://iprice.sg/zalora/,200,Invalid Backref URL
https://iprice.au/coupons/cotton-on/,200,en-au,https://iprice.au/cotton-on/,404,Invalid Backref URL Status Code
https://iprice.au/coupons/crocs/,200,No Hreflang Found,No Href Found,N/A,No Hreflang and Href Found
https://iprice.au/coupons/culture-kings/,200,en-au,https://iprice.au/culture-kings/,404,Invalid Backref URL Status Code
https://iprice.au/coupons/david-jones/,200,en-au,https://iprice.au/david-jones/,404,Invalid Backref URL Status Code
https://iprice.au/coupons/didi/,200,id-id,https://iprice.co.id/grab/,200,Invalid Backref URL
https://iprice.au/coupons/didi/,200,en-my,https://iprice.my/grab/,200,Invalid Backref URL
https://iprice.au/coupons/didi/,200,en-ph,https://iprice.ph/grab/,200,Invalid Backref URL
https://iprice.au/coupons/didi/,200,en-sg,https://iprice.sg/grab/,404,Invalid Backref URL Status Code
https://iprice.au/coupons/didi/,200,th-th,https://ipricethailand.com/grab/,404,Invalid Backref URL Status Code
https://iprice.au/coupons/didi/,200,vi-vn,https://iprice.vn/grab/,200,Invalid Backref URL
https://iprice.au/coupons/didi/,200,en-au,https://iprice.au/didi/,404,Invalid Backref URL Status Code
https://iprice.au/coupons/dissh/,200,en-au,https://iprice.au/dissh/,404,Invalid Backref URL Status Code
https://iprice.au/coupons/dominos/,200,id-id,https://iprice.co.id/dominos-pizza/,404,Invalid Backref URL Status Code
https://iprice.au/coupons/dominos/,200,en-my,https://iprice.my/dominos/,404,Invalid Backref URL Status Code
https://iprice.au/coupons/dominos/,200,en-sg,https://iprice.sg/dominos-pizza/,404,Invalid Backref URL Status Code
https://iprice.au/coupons/dominos/,200,th-th,https://ipricethailand.com/dominos-pizza/,404,Invalid Backref URL Status Code
https://iprice.au/coupons/dominos/,200,en-au,https://iprice.au/dominos/,404,Invalid Backref URL Status Code
https://iprice.au/coupons/doordash/,200,en-hk,https://iprice.hk/foodpanda/,404,Invalid Backref URL Status Code
https://iprice.au/coupons/doordash/,200,en-my,https://iprice.my/foodpanda/,404,Invalid Backref URL Status Code
https://iprice.au/coupons/doordash/,200,en-ph,https://iprice.ph/foodpanda/,200,Invalid Backref URL
https://iprice.au/coupons/doordash/,200,en-sg,https://iprice.sg/foodpanda/,404,Invalid Backref URL Status Code
https://iprice.au/coupons/doordash/,200,th-th,https://ipricethailand.com/foodpanda/,200,Invalid Backref URL
https://iprice.au/coupons/doordash/,200,en-au,https://iprice.au/doordash/,404,Invalid Backref URL Status Code
https://iprice.au/coupons/dyson/,200,en-sg,https://iprice.sg/dyson/,200,Invalid Backref URL
https://iprice.au/coupons/dyson/,200,en-au,https://iprice.au/dyson/,404,Invalid Backref URL Status Code
https://iprice.au/coupons/ebay/,200,en-au,https://iprice.au/ebay/,404,Invalid Backref URL Status Code
https://iprice.au/coupons/etsy/,200,en-ph,https://iprice.ph/photobook/,404,Invalid Backref URL Status Code
https://iprice.au/coupons/etsy/,200,en-au,https://iprice.au/etsy/,404,Invalid Backref URL Status Code
https://iprice.au/coupons/expedia/,200,en-my,https://iprice.my/expedia/,404,Invalid Backref URL Status Code
https://iprice.au/coupons/expedia/,200,en-ph,https://iprice.ph/expedia/,404,Invalid Backref URL Status Code
https://iprice.au/coupons/expedia/,200,th-th,https://ipricethailand.com/expedia/,404,Invalid Backref URL Status Code
https://iprice.au/coupons/expedia/,200,en-au,https://iprice.au/expedia/,404,Invalid Backref URL Status Code
https://iprice.au/coupons/farfetch/,200,en-hk,https://iprice.hk/farfetch/,404,Invalid Backref URL Status Code
https://iprice.au/coupons/farfetch/,200,en-my,https://iprice.my/farfetch/,404,Invalid Backref URL Status Code
https://iprice.au/coupons/farfetch/,200,en-sg,https://iprice.sg/farfetch/,404,Invalid Backref URL Status Code
https://iprice.au/coupons/farfetch/,200,en-au,https://iprice.au/farfetch/,404,Invalid Backref URL Status Code
https://iprice.au/coupons/foot-locker/,200,en-au,https://iprice.au/foot-locker/,404,Invalid Backref URL Status Code
https://iprice.au/coupons/gymshark/,200,en-au,https://iprice.au/gymshark/,404,Invalid Backref URL Status Code
https://iprice.au/coupons/harvey-norman/,200,en-sg,https://iprice.sg/harvey-norman/,404,Invalid Backref URL Status Code
https://iprice.au/coupons/harvey-norman/,200,en-au,https://iprice.au/harvey-norman/,404,Invalid Backref URL Status Code
https://iprice.au/coupons/hellofresh/,200,en-au,https://iprice.au/hellofresh/,404,Invalid Backref URL Status Code
https://iprice.au/coupons/hm/,200,en-au,https://iprice.au/hm/,404,Invalid Backref URL Status Code
https://iprice.au/coupons/hungry-jacks/,200,en-my,https://iprice.my/burger-king/,404,Invalid Backref URL Status Code
https://iprice.au/coupons/hungry-jacks/,200,en-au,https://iprice.au/hungry-jacks/,404,Invalid Backref URL Status Code
https://iprice.au/coupons/iherb/,200,en-hk,https://iprice.hk/iherb/,404,Invalid Backref URL Status Code
https://iprice.au/coupons/iherb/,200,en-my,https://iprice.my/iherb/,404,Invalid Backref URL Status Code
https://iprice.au/coupons/iherb/,200,en-ph,https://iprice.ph/iherb/,404,Invalid Backref URL Status Code
https://iprice.au/coupons/iherb/,200,en-sg,https://iprice.sg/iherb/,404,Invalid Backref URL Status Code
https://iprice.au/coupons/iherb/,200,en-au,https://iprice.au/iherb/,404,Invalid Backref URL Status Code
https://iprice.au/coupons/ikea/,200,en-au,https://iprice.au/ikea/,404,Invalid Backref URL Status Code
https://iprice.au/coupons/jb-hi-fi/,200,en-au,https://iprice.au/jb-hi-fi/,404,Invalid Backref URL Status Code
https://iprice.au/coupons/kayo-sports/,200,en-au,https://iprice.au/kayo-sports/,404,Invalid Backref URL Status Code
https://iprice.au/coupons/kfc/,200,en-hk,https://iprice.hk/kfc/,404,Invalid Backref URL Status Code
https://iprice.au/coupons/kfc/,200,id-id,https://iprice.co.id/kfc/,200,Invalid Backref URL
https://iprice.au/coupons/kfc/,200,en-my,https://iprice.my/kfc/,200,Invalid Backref URL
https://iprice.au/coupons/kfc/,200,en-sg,https://iprice.sg/kfc/,404,Invalid Backref URL Status Code
https://iprice.au/coupons/kfc/,200,th-th,https://ipricethailand.com/kfc/,404,Invalid Backref URL Status Code
https://iprice.au/coupons/kfc/,200,en-au,https://iprice.au/kfc/,404,Invalid Backref URL Status Code
https://iprice.au/coupons/kitchen-warehouse/,200,en-au,https://iprice.au/kitchen-warehouse/,404,Invalid Backref URL Status Code
https://iprice.au/coupons/kogan/,200,en-au,https://iprice.au/kogan/,404,Invalid Backref URL Status Code
https://iprice.au/coupons/lite-n-easy/,200,en-au,https://iprice.au/lite-n-easy/,404,Invalid Backref URL Status Code
https://iprice.au/coupons/lovehoney/,200,en-au,https://iprice.au/lovehoney/,404,Invalid Backref URL Status Code
https://iprice.au/coupons/lululemon/,200,en-au,https://iprice.au/lululemon/,404,Invalid Backref URL Status Code
https://iprice.au/coupons/menulog/,200,id-id,https://iprice.co.id/grabfood/,404,Invalid Backref URL Status Code
https://iprice.au/coupons/menulog/,200,en-my,https://iprice.my/grabfood/,404,Invalid Backref URL Status Code
https://iprice.au/coupons/menulog/,200,en-ph,https://iprice.ph/grabfood/,404,Invalid Backref URL Status Code
https://iprice.au/coupons/menulog/,200,en-sg,https://iprice.sg/grabfood/,404,Invalid Backref URL Status Code
https://iprice.au/coupons/menulog/,200,th-th,https://ipricethailand.com/grabfood/,404,Invalid Backref URL Status Code
https://iprice.au/coupons/menulog/,200,vi-vn,https://iprice.vn/grabfood/,404,Invalid Backref URL Status Code
https://iprice.au/coupons/menulog/,200,en-au,https://iprice.au/menulog/,404,Invalid Backref URL Status Code
https://iprice.au/coupons/mydeal/,200,en-au,https://iprice.au/mydeal/,404,Invalid Backref URL Status Code
https://iprice.au/coupons/myer/,200,en-au,https://iprice.au/myer/,404,Invalid Backref URL Status Code
https://iprice.au/coupons/nike/,200,en-hk,https://iprice.hk/nike/,200,Invalid Backref URL
https://iprice.au/coupons/nike/,200,en-my,https://iprice.my/nike/,200,Invalid Backref URL
https://iprice.au/coupons/nike/,200,en-ph,https://iprice.ph/nike/,200,Invalid Backref URL
https://iprice.au/coupons/nike/,200,en-sg,https://iprice.sg/nike/,200,Invalid Backref URL
https://iprice.au/coupons/nike/,200,th-th,https://ipricethailand.com/nike/,200,Invalid Backref URL
https://iprice.au/coupons/nike/,200,vi-vn,https://iprice.vn/nike/,200,Invalid Backref URL
https://iprice.au/coupons/nike/,200,en-au,https://iprice.au/nike/,404,Invalid Backref URL Status Code
https://iprice.au/coupons/pet-circle/,200,en-au,https://iprice.au/pet-circle/,404,Invalid Backref URL Status Code
https://iprice.au/coupons/peter-alexander/,200,en-hk,https://iprice.hk/lookfantastic/,200,Invalid Backref URL
https://iprice.au/coupons/peter-alexander/,200,en-sg,https://iprice.sg/lookfantastic/,200,Invalid Backref URL
https://iprice.au/coupons/peter-alexander/,200,en-au,https://iprice.au/peter-alexander/,404,Invalid Backref URL Status Code
https://iprice.au/coupons/pillow-talk/,200,No Hreflang Found,No Href Found,N/A,No Hreflang and Href Found
https://iprice.au/coupons/pizza-hut/,200,en-hk,https://iprice.hk/pizza-hut/,404,Invalid Backref URL Status Code
https://iprice.au/coupons/pizza-hut/,200,th-th,https://ipricethailand.com/pizza-hut/,404,Invalid Backref URL Status Code
https://iprice.au/coupons/pizza-hut/,200,en-au,https://iprice.au/pizza-hut/,404,Invalid Backref URL Status Code
https://iprice.au/coupons/pretty-little-thing/,200,en-au,https://iprice.au/pretty-little-thing/,404,Invalid Backref URL Status Code
https://iprice.au/coupons/princess-polly/,200,en-au,https://iprice.au/princess-polly/,404,Invalid Backref URL Status Code
https://iprice.au/coupons/redballoon/,200,en-hk,https://iprice.hk/klook/,404,Invalid Backref URL Status Code
https://iprice.au/coupons/redballoon/,200,id-id,https://iprice.co.id/klook/,404,Invalid Backref URL Status Code
https://iprice.au/coupons/redballoon/,200,en-my,https://iprice.my/klook/,404,Invalid Backref URL Status Code
https://iprice.au/coupons/redballoon/,200,en-ph,https://iprice.ph/klook/,404,Invalid Backref URL Status Code
https://iprice.au/coupons/redballoon/,200,en-sg,https://iprice.sg/klook/,404,Invalid Backref URL Status Code
https://iprice.au/coupons/redballoon/,200,th-th,https://ipricethailand.com/klook/,404,Invalid Backref URL Status Code
https://iprice.au/coupons/redballoon/,200,vi-vn,https://iprice.vn/klook/,404,Invalid Backref URL Status Code
https://iprice.au/coupons/redballoon/,200,en-au,https://iprice.au/redballoon/,404,Invalid Backref URL Status Code
https://iprice.au/coupons/shein/,200,en-au,https://iprice.au/shein/,404,Invalid Backref URL Status Code
https://iprice.au/coupons/showpo/,200,en-au,https://iprice.au/showpo/,404,Invalid Backref URL Status Code
https://iprice.au/coupons/target/,200,en-au,https://iprice.au/target/,404,Invalid Backref URL Status Code
https://iprice.au/coupons/the-good-guys/,200,en-au,https://iprice.au/the-good-guys/,404,Invalid Backref URL Status Code
https://iprice.au/coupons/the-iconic/,200,en-au,https://iprice.au/the-iconic/,404,Invalid Backref URL Status Code
https://iprice.au/coupons/uber/,200,en-hk,https://iprice.hk/uber/,404,Invalid Backref URL Status Code
https://iprice.au/coupons/uber/,200,en-au,https://iprice.au/uber/,404,Invalid Backref URL Status Code
https://iprice.au/coupons/uber-eats/,200,en-au,https://iprice.au/uber-eats/,404,Invalid Backref URL Status Code
https://iprice.au/coupons/vistaprint/,200,en-au,https://iprice.au/vistaprint/,404,Invalid Backref URL Status Code
https://iprice.au/coupons/woolworths/,200,en-ph,https://iprice.ph/landers-superstore/,404,Invalid Backref URL Status Code
https://iprice.au/coupons/woolworths/,200,en-au,https://iprice.au/woolworths/,404,Invalid Backref URL Status Code
https://iprice.au/coupons/youfoodz/,200,en-au,https://iprice.au/youfoodz/,404,Invalid Backref URL Status Code
